id_fijo,nombre,orden,url,id_modal,zona,accesible,linea,tabla_origen,zona_actualizada,correspondencias
153,Pinar de Chamartín,1,https://www.metromadrid.es/es/linea/linea-1#estacion-153,581.0,A,,1,linea_1,A,"[""4""]"
152,Bambú,2,https://www.metromadrid.es/es/linea/linea-1#estacion-152,438.0,A,,1,linea_1,A,[]
151,Chamartín,3,https://www.metromadrid.es/es/linea/linea-1#estacion-151,461.0,A,,1,linea_1,A,"[""10""]"
101,Plaza de Castilla,4,https://www.metromadrid.es/es/linea/linea-1#estacion-101,586.0,A,,1,linea_1,A,"[""10"", ""9""]"
102,Valdeacederas,5,https://www.metromadrid.es/es/linea/linea-1#estacion-102,637.0,A,,1,linea_1,A,[]
103,Tetuán,6,https://www.metromadrid.es/es/linea/linea-1#estacion-103,629.0,A,,1,linea_1,A,[]
104,Estrecho,7,https://www.metromadrid.es/es/linea/linea-1#estacion-104,490.0,A,,1,linea_1,A,[]
105,Alvarado,8,https://www.metromadrid.es/es/linea/linea-1#estacion-105,418.0,A,,1,linea_1,A,[]
106,Cuatro Caminos,9,https://www.metromadrid.es/es/linea/linea-1#estacion-106,475.0,A,,1,linea_1,A,"[""2"", ""6""]"
107,Ríos Rosas,10,https://www.metromadrid.es/es/linea/linea-1#estacion-107,605.0,A,,1,linea_1,A,[]
108,Iglesia,11,https://www.metromadrid.es/es/linea/linea-1#estacion-108,514.0,A,,1,linea_1,A,[]
109,Bilbao,12,https://www.metromadrid.es/es/linea/linea-1#estacion-109,447.0,A,,1,linea_1,A,"[""4""]"
110,Tribunal,13,https://www.metromadrid.es/es/linea/linea-1#estacion-110,633.0,A,,1,linea_1,A,"[""10""]"
111,Gran Vía,14,https://www.metromadrid.es/es/linea/linea-1#estacion-111,501.0,A,,1,linea_1,A,"[""5""]"
112,Sol,15,https://www.metromadrid.es/es/linea/linea-1#estacion-112,627.0,A,,1,linea_1,A,"[""2"", ""3""]"
113,Tirso de Molina,16,https://www.metromadrid.es/es/linea/linea-1#estacion-113,630.0,A,,1,linea_1,A,"[""4""]"
114,Antón Martín,17,https://www.metromadrid.es/es/linea/linea-1#estacion-114,420.0,A,,1,linea_1,A,[]
115,Estación del Arte,18,https://www.metromadrid.es/es/linea/linea-1#estacion-115,431.0,A,,1,linea_1,A,[]
116,Atocha,19,https://www.metromadrid.es/es/linea/linea-1#estacion-116,432.0,A,,1,linea_1,A,[]
117,Menéndez Pelayo,20,https://www.metromadrid.es/es/linea/linea-1#estacion-117,553.0,A,,1,linea_1,,[]
118,Pacífico,21,https://www.metromadrid.es/es/linea/linea-1#estacion-118,568.0,A,,1,linea_1,,"[""6""]"
119,Puente de Vallecas,22,https://www.metromadrid.es/es/linea/linea-1#estacion-119,595.0,A,,1,linea_1,,[]
120,Nueva Numancia,23,https://www.metromadrid.es/es/linea/linea-1#estacion-120,561.0,A,,1,linea_1,,[]
121,Portazgo,24,https://www.metromadrid.es/es/linea/linea-1#estacion-121,589.0,A,,1,linea_1,,[]
123,Alto del Arenal,25,https://www.metromadrid.es/es/linea/linea-1#estacion-123,416.0,A,,1,linea_1,A,[]
122,Buenos Aires,26,https://www.metromadrid.es/es/linea/linea-1#estacion-122,449.0,A,,1,linea_1,,[]
124,Miguel Hernández,27,https://www.metromadrid.es/es/linea/linea-1#estacion-124,555.0,A,,1,linea_1,,[]
125,Sierra de Guadalupe,28,https://www.metromadrid.es/es/linea/linea-1#estacion-125,625.0,A,,1,linea_1,,[]
126,Villa de Vallecas,29,https://www.metromadrid.es/es/linea/linea-1#estacion-126,646.0,A,,1,linea_1,,[]
127,Congosto,30,https://www.metromadrid.es/es/linea/linea-1#estacion-127,471.0,A,,1,linea_1,,[]
128,La Gavia,31,https://www.metromadrid.es/es/linea/linea-1#estacion-128,523.0,A,,1,linea_1,,[]
129,Las Suertes,32,https://www.metromadrid.es/es/linea/linea-1#estacion-129,535.0,A,,1,linea_1,,[]
130,Valdecarros,33,https://www.metromadrid.es/es/linea/linea-1#estacion-130,639.0,A,,1,linea_1,,[]
1061,Hospital Infanta Sofía,1,https://www.metromadrid.es/es/linea/linea-10#estacion-1061,,A,,10,linea_ 10,A,[]
1060,Reyes Católicos,2,https://www.metromadrid.es/es/linea/linea-10#estacion-1060,604.0,A,,10,linea_10,,[]
1059,Baunatal,3,https://www.metromadrid.es/es/linea/linea-10#estacion-1059,445.0,A,,10,linea_10,,[]
1058,Manuel de Falla,4,https://www.metromadrid.es/es/linea/linea-10#estacion-1058,546.0,A,,10,linea_10,,[]
1057,Marqués de la Valdavia,5,https://www.metromadrid.es/es/linea/linea-10#estacion-1057,550.0,A,,10,linea_10,,[]
1056,La Moraleja,6,https://www.metromadrid.es/es/linea/linea-10#estacion-1056,526.0,A,,10,linea_10,,[]
1055,La Granja,7,https://www.metromadrid.es/es/linea/linea-10#estacion-1055,524.0,A,,10,linea_10,,[]
1054,Ronda de la Comunicación,8,https://www.metromadrid.es/es/linea/linea-10#estacion-1054,609.0,A,,10,linea_10,,[]
1053,Las Tablas,9,https://www.metromadrid.es/es/linea/linea-10#estacion-1053,536.0,A,,10,linea_10,,[]
1052,Montecarmelo,10,https://www.metromadrid.es/es/linea/linea-10#estacion-1052,558.0,A,,10,linea_10,,[]
1051,Tres Olivos,11,https://www.metromadrid.es/es/linea/linea-10#estacion-1051,632.0,A,,10,linea_10,,[]
1001,Fuencarral,12,https://www.metromadrid.es/es/linea/linea-10#estacion-1001,495.0,A,,10,linea_10,,[]
1002,Begoña,13,https://www.metromadrid.es/es/linea/linea-10#estacion-1002,446.0,A,,10,linea_10,,[]
151,Chamartín,14,https://www.metromadrid.es/es/linea/linea-10#estacion-151,461.0,A,,10,linea_10,,"[""1""]"
101,Plaza de Castilla,15,https://www.metromadrid.es/es/linea/linea-10#estacion-101,586.0,A,,10,linea_10,,"[""1"", ""9""]"
1005,Cuzco,16,https://www.metromadrid.es/es/linea/linea-10#estacion-1005,477.0,A,,10,linea_10,,[]
1006,Santiago Bernabéu,17,https://www.metromadrid.es/es/linea/linea-10#estacion-1006,621.0,A,,10,linea_10,,[]
618,Nuevos Ministerios,18,https://www.metromadrid.es/es/linea/linea-10#estacion-618,562.0,A,,10,linea_10,,"[""6"", ""8""]"
711,Gregorio Marañón,19,https://www.metromadrid.es/es/linea/linea-10#estacion-711,502.0,A,,10,linea_10,,"[""7""]"
404,Alonso Martínez,20,https://www.metromadrid.es/es/linea/linea-10#estacion-404,413.0,A,,10,linea_10,,"[""4"", ""5""]"
110,Tribunal,21,https://www.metromadrid.es/es/linea/linea-10#estacion-110,633.0,A,,10,linea_10,,"[""1""]"
308,Plaza de España,22,https://www.metromadrid.es/es/linea/linea-10#estacion-308,587.0,A,,10,linea_10,,"[""3""]"
625,Príncipe Pío,23,https://www.metromadrid.es/es/linea/linea-10#estacion-625,592.0,A,,10,linea_10,,"[""6"", ""Ramal""]"
1013,Lago,24,https://www.metromadrid.es/es/linea/linea-10#estacion-1013,531.0,A,,10,linea_10,,[]
1014,Batán,25,https://www.metromadrid.es/es/linea/linea-10#estacion-1014,444.0,A,,10,linea_10,,[]
530,Casa de Campo,26,https://www.metromadrid.es/es/linea/linea-10#estacion-530,459.0,A,,10,linea_10,,"[""5""]"
1016,Colonia Jardín,27,https://www.metromadrid.es/es/linea/linea-10#estacion-1016,468.0,A,,10,linea_10,,[]
1018,Aviación Española,28,https://www.metromadrid.es/es/linea/linea-10#estacion-1018,437.0,A,,10,linea_10,,[]
1019,Cuatro Vientos,29,https://www.metromadrid.es/es/linea/linea-10#estacion-1019,476.0,A,,10,linea_10,,[]
1020,Joaquín Vilumbrales,30,https://www.metromadrid.es/es/linea/linea-10#estacion-1020,517.0,A,,10,linea_10,,[]
1021,Puerta del Sur,31,https://www.metromadrid.es/es/linea/linea-10#estacion-1021,599.0,A,,10,linea_10,,"[""12""]"
605,Plaza Elíptica,1,https://www.metromadrid.es/es/linea/linea-11#estacion-605,588.0,A,,11,linea_11,,"[""6""]"
1102,Abrantes,2,https://www.metromadrid.es/es/linea/linea-11#estacion-1102,403.0,A,,11,linea_11,,[]
1103,Pan Bendito,3,https://www.metromadrid.es/es/linea/linea-11#estacion-1103,572.0,A,,11,linea_11,,[]
1104,San Francisco,4,https://www.metromadrid.es/es/linea/linea-11#estacion-1104,618.0,A,,11,linea_11,,[]
1105,Carabanchel Alto,5,https://www.metromadrid.es/es/linea/linea-11#estacion-1105,456.0,A,,11,linea_11,,[]
1106,La Peseta,6,https://www.metromadrid.es/es/linea/linea-11#estacion-1106,527.0,A,,11,linea_11,,[]
1107,La Fortuna,7,https://www.metromadrid.es/es/linea/linea-11#estacion-1107,522.0,A,,11,linea_11,,[]
1201,Puerta del Sur,1,https://www.metromadrid.es/es/linea/linea-12-metrosur#estacion-1201,599.0,A,,12,linea_12,,"[""10""]"
1202,Parque Lisboa,2,https://www.metromadrid.es/es/linea/linea-12-metrosur#estacion-1202,574.0,A,,12,linea_12,,[]
1203,Alcorcón Central,3,https://www.metromadrid.es/es/linea/linea-12-metrosur#estacion-1203,408.0,A,,12,linea_12,,[]
1204,Parque Oeste,4,https://www.metromadrid.es/es/linea/linea-12-metrosur#estacion-1204,578.0,A,,12,linea_12,,[]
1205,Universidad Rey Juan Carlos,5,https://www.metromadrid.es/es/linea/linea-12-metrosur#estacion-1205,634.0,A,,12,linea_12,,[]
1206,Móstoles Central,6,https://www.metromadrid.es/es/linea/linea-12-metrosur#estacion-1206,559.0,A,,12,linea_12,,[]
1207,Pradillo,7,https://www.metromadrid.es/es/linea/linea-12-metrosur#estacion-1207,590.0,A,,12,linea_12,,[]
1208,Hospital de Móstoles,8,https://www.metromadrid.es/es/linea/linea-12-metrosur#estacion-1208,508.0,A,,12,linea_12,,[]
1209,Manuela Malasaña,9,https://www.metromadrid.es/es/linea/linea-12-metrosur#estacion-1209,547.0,A,,12,linea_12,,[]
1210,Loranca,10,https://www.metromadrid.es/es/linea/linea-12-metrosur#estacion-1210,541.0,A,,12,linea_12,,[]
1211,Parque Europa,11,https://www.metromadrid.es/es/linea/linea-12-metrosur#estacion-1211,577.0,A,,12,linea_12,,[]
1212,Hospital de Fuenlabrada,12,https://www.metromadrid.es/es/linea/linea-12-metrosur#estacion-1212,507.0,A,,12,linea_12,,[]
1214,Fuenlabrada Central,13,https://www.metromadrid.es/es/linea/linea-12-metrosur#estacion-1214,496.0,A,,12,linea_12,,[]
1215,Parque de los Estados,14,https://www.metromadrid.es/es/linea/linea-12-metrosur#estacion-1215,575.0,A,,12,linea_12,,[]
1217,Arroyo Culebro,15,https://www.metromadrid.es/es/linea/linea-12-metrosur#estacion-1217,426.0,A,,12,linea_12,,[]
1218,Conservatorio,16,https://www.metromadrid.es/es/linea/linea-12-metrosur#estacion-1218,472.0,A,,12,linea_12,,[]
1219,Alonso de Mendoza,17,https://www.metromadrid.es/es/linea/linea-12-metrosur#estacion-1219,412.0,A,,12,linea_12,,[]
1220,Getafe Central,18,https://www.metromadrid.es/es/linea/linea-12-metrosur#estacion-1220,499.0,A,,12,linea_12,,[]
1221,Juan de la Cierva,19,https://www.metromadrid.es/es/linea/linea-12-metrosur#estacion-1221,518.0,A,,12,linea_12,,[]
358,El Casar,20,https://www.metromadrid.es/es/linea/linea-12-metrosur#estacion-358,485.0,A,,12,linea_12,,"[""3""]"
1223,Los Espartales,21,https://www.metromadrid.es/es/linea/linea-12-metrosur#estacion-1223,542.0,A,,12,linea_12,,[]
1224,El Bercial,22,https://www.metromadrid.es/es/linea/linea-12-metrosur#estacion-1224,481.0,A,,12,linea_12,,[]
1225,El Carrascal,23,https://www.metromadrid.es/es/linea/linea-12-metrosur#estacion-1225,484.0,A,,12,linea_12,,[]
1226,Julián Besteiro,24,https://www.metromadrid.es/es/linea/linea-12-metrosur#estacion-1226,519.0,A,,12,linea_12,,[]
1227,Casa del Reloj,25,https://www.metromadrid.es/es/linea/linea-12-metrosur#estacion-1227,460.0,A,,12,linea_12,,[]
1228,Hospital Severo Ochoa,26,https://www.metromadrid.es/es/linea/linea-12-metrosur#estacion-1228,511.0,A,,12,linea_12,,[]
1229,Leganés Central,27,https://www.metromadrid.es/es/linea/linea-12-metrosur#estacion-1229,538.0,A,,12,linea_12,,[]
1230,San Nicasio,28,https://www.metromadrid.es/es/linea/linea-12-metrosur#estacion-1230,620.0,A,,12,linea_12,,[]
255,Las Rosas,1,https://www.metromadrid.es/es/linea/linea-2#estacion-255,534.0,A,,2,linea_2,,[]
254,Avenida de Guadalajara,2,https://www.metromadrid.es/es/linea/linea-2#estacion-254,434.0,A,,2,linea_2,,[]
253,Alsacia,3,https://www.metromadrid.es/es/linea/linea-2#estacion-253,414.0,A,,2,linea_2,,[]
252,La Almudena,4,https://www.metromadrid.es/es/linea/linea-2#estacion-252,520.0,A,,2,linea_2,,[]
251,La Elipa,5,https://www.metromadrid.es/es/linea/linea-2#estacion-251,521.0,A,,2,linea_2,,[]
201,Ventas,6,https://www.metromadrid.es/es/linea/linea-2#estacion-201,642.0,A,,2,linea_2,,"[""5""]"
202,Manuel Becerra,7,https://www.metromadrid.es/es/linea/linea-2#estacion-202,545.0,A,,2,linea_2,,"[""6""]"
203,Goya,8,https://www.metromadrid.es/es/linea/linea-2#estacion-203,500.0,A,,2,linea_2,,"[""4""]"
204,Príncipe de Vergara,9,https://www.metromadrid.es/es/linea/linea-2#estacion-204,591.0,A,,2,linea_2,,"[""9""]"
205,Retiro,10,https://www.metromadrid.es/es/linea/linea-2#estacion-205,603.0,A,,2,linea_2,,[]
206,Banco de España,11,https://www.metromadrid.es/es/linea/linea-2#estacion-206,439.0,A,,2,linea_2,,[]
207,Sevilla,12,https://www.metromadrid.es/es/linea/linea-2#estacion-207,624.0,A,,2,linea_2,,[]
112,Sol,13,https://www.metromadrid.es/es/linea/linea-2#estacion-112,627.0,A,,2,linea_2,,"[""1"", ""3""]"
209,Ópera,14,https://www.metromadrid.es/es/linea/linea-2#estacion-209,566.0,A,,2,linea_2,,"[""Ramal""]"
210,Santo Domingo,15,https://www.metromadrid.es/es/linea/linea-2#estacion-210,622.0,A,,2,linea_2,,[]
211,Noviciado,16,https://www.metromadrid.es/es/linea/linea-2#estacion-211,560.0,A,,2,linea_2,,[]
212,San Bernardo,17,https://www.metromadrid.es/es/linea/linea-2#estacion-212,612.0,A,,2,linea_2,,"[""4""]"
213,Quevedo,18,https://www.metromadrid.es/es/linea/linea-2#estacion-213,600.0,A,,2,linea_2,,[]
214,Canal,19,https://www.metromadrid.es/es/linea/linea-2#estacion-214,452.0,A,,2,linea_2,,"[""7""]"
106,Cuatro Caminos,20,https://www.metromadrid.es/es/linea/linea-2#estacion-106,475.0,A,,2,linea_2,,"[""1"", ""6""]"
358,El Casar,1,https://www.metromadrid.es/es/linea/linea-12-metrosur#estacion-358,485.0,A,,3,linea_3,,"[""12""]"
357,Villaverde Alto,2,https://www.metromadrid.es/es/linea/linea-3#estacion-357,647.0,A,,3,linea_3,,[]
356,San Cristóbal,3,https://www.metromadrid.es/es/linea/linea-3#estacion-356,615.0,A,,3,linea_3,,[]
355,Villaverde Bajo Cruce,4,https://www.metromadrid.es/es/linea/linea-3#estacion-355,648.0,A,,3,linea_3,,[]
354,Ciudad de los Ángeles,5,https://www.metromadrid.es/es/linea/linea-3#estacion-354,463.0,A,,3,linea_3,,[]
353,San Fermín – Orcasur,6,https://www.metromadrid.es/es/linea/linea-3#estacion-353,616.0,A,,3,linea_3,,[]
352,Hospital 12 de Octubre,7,https://www.metromadrid.es/es/linea/linea-3#estacion-352,512.0,A,,3,linea_3,,[]
351,Almendrales,8,https://www.metromadrid.es/es/linea/linea-3#estacion-351,410.0,A,,3,linea_3,,[]
301,Legazpi,9,https://www.metromadrid.es/es/linea/linea-3#estacion-301,539.0,A,,3,linea_3,,"[""6""]"
302,Delicias,10,https://www.metromadrid.es/es/linea/linea-3#estacion-302,478.0,A,,3,linea_3,,[]
303,Palos de la Frontera,11,https://www.metromadrid.es/es/linea/linea-3#estacion-303,571.0,A,,3,linea_3,,[]
304,Embajadores,12,https://www.metromadrid.es/es/linea/linea-3#estacion-304,486.0,A,,3,linea_3,,[]
305,Lavapiés,13,https://www.metromadrid.es/es/linea/linea-3#estacion-305,537.0,A,,3,linea_3,,[]
112,Sol,14,https://www.metromadrid.es/es/linea/linea-3#estacion-112,627.0,A,,3,linea_3,,"[""1"", ""2""]"
307,Callao,15,https://www.metromadrid.es/es/linea/linea-3#estacion-307,450.0,A,,3,linea_3,A,"[""5""]"
308,Plaza de España,16,https://www.metromadrid.es/es/linea/linea-3#estacion-308,587.0,A,,3,linea_3,,"[""10""]"
309,Ventura Rodríguez,17,https://www.metromadrid.es/es/linea/linea-3#estacion-309,644.0,A,,3,linea_3,,[]
310,Argüelles,18,https://www.metromadrid.es/es/linea/linea-3#estacion-310,425.0,A,,3,linea_3,,"[""4"", ""6""]"
311,Moncloa,19,https://www.metromadrid.es/es/linea/linea-3#estacion-311,557.0,A,,3,linea_3,,"[""6""]"
310,Argüelles,1,https://www.metromadrid.es/es/linea/linea-4#estacion-310,425.0,A,,4,linea_4,,"[""3"", ""6""]"
212,San Bernardo,2,https://www.metromadrid.es/es/linea/linea-4#estacion-212,612.0,A,,4,linea_4,,"[""2""]"
113,Bilbao,3,https://www.metromadrid.es/es/linea/linea-4#estacion-113,447.0,A,,4,linea_4,,"[""1""]"
404,Alonso Martínez,4,https://www.metromadrid.es/es/linea/linea-4#estacion-404,413.0,A,,4,linea_4,,"[""10"", ""5""]"
405,Colón,5,https://www.metromadrid.es/es/linea/linea-4#estacion-405,467.0,A,,4,linea_4,,[]
406,Serrano,6,https://www.metromadrid.es/es/linea/linea-4#estacion-406,623.0,A,,4,linea_4,,[]
407,Velázquez,7,https://www.metromadrid.es/es/linea/linea-4#estacion-407,641.0,A,,4,linea_4,,[]
203,Goya,8,https://www.metromadrid.es/es/linea/linea-4#estacion-203,500.0,A,,4,linea_4,,"[""2""]"
409,Lista,9,https://www.metromadrid.es/es/linea/linea-4#estacion-409,540.0,A,,4,linea_4,,[]
410,Diego de León,10,https://www.metromadrid.es/es/linea/linea-4#estacion-410,479.0,A,,4,linea_4,,"[""5"", ""6""]"
411,Avenida de América,11,https://www.metromadrid.es/es/linea/linea-4#estacion-411,433.0,A,,4,linea_4,,"[""6"", ""7"", ""9""]"
412,Prosperidad,12,https://www.metromadrid.es/es/linea/linea-4#estacion-412,593.0,A,,4,linea_4,,[]
413,Alfonso XIII,13,https://www.metromadrid.es/es/linea/linea-4#estacion-413,409.0,A,,4,linea_4,,[]
414,Avenida de la Paz,14,https://www.metromadrid.es/es/linea/linea-4#estacion-414,436.0,A,,4,linea_4,,[]
415,Arturo Soria,15,https://www.metromadrid.es/es/linea/linea-4#estacion-415,429.0,A,,4,linea_4,,[]
416,Esperanza,16,https://www.metromadrid.es/es/linea/linea-4#estacion-416,488.0,A,,4,linea_4,,[]
417,Canillas,17,https://www.metromadrid.es/es/linea/linea-4#estacion-417,453.0,A,,4,linea_4,,[]
418,Mar de Cristal,18,https://www.metromadrid.es/es/linea/linea-4#estacion-418,548.0,A,,4,linea_4,,"[""8""]"
419,San Lorenzo,19,https://www.metromadrid.es/es/linea/linea-4#estacion-419,619.0,A,,4,linea_4,,[]
420,Parque de Santa María,20,https://www.metromadrid.es/es/linea/linea-4#estacion-420,576.0,A,,4,linea_4,,[]
421,Hortaleza,21,https://www.metromadrid.es/es/linea/linea-4#estacion-421,506.0,A,,4,linea_4,,[]
422,Manoteras,22,https://www.metromadrid.es/es/linea/linea-4#estacion-422,544.0,A,,4,linea_4,,[]
153,Pinar de Chamartín,23,https://www.metromadrid.es/es/linea/linea-4#estacion-153,581.0,A,,4,linea_4,,"[""1""]"
552,Alameda de Osuna,1,https://www.metromadrid.es/es/linea/linea-5#estacion-552,407.0,A,,5,linea_5,,[]
551,El Capricho,2,https://www.metromadrid.es/es/linea/linea-5#estacion-551,482.0,A,,5,linea_5,,[]
501,Canillejas,3,https://www.metromadrid.es/es/linea/linea-5#estacion-501,454.0,A,,5,linea_5,,[]
502,Torre Arias,4,https://www.metromadrid.es/es/linea/linea-5#estacion-502,631.0,A,,5,linea_5,,[]
503,Suanzes,5,https://www.metromadrid.es/es/linea/linea-5#estacion-503,628.0,A,,5,linea_5,,[]
504,Ciudad Lineal,6,https://www.metromadrid.es/es/linea/linea-5#estacion-504,464.0,A,,5,linea_5,,[]
505,Pueblo Nuevo,7,https://www.metromadrid.es/es/linea/linea-5#estacion-505,594.0,A,,5,linea_5,,"[""7""]"
506,Quintana,8,https://www.metromadrid.es/es/linea/linea-5#estacion-506,601.0,A,,5,linea_5,,[]
507,El Carmen,9,https://www.metromadrid.es/es/linea/linea-5#estacion-507,483.0,A,,5,linea_5,,[]
201,Ventas,10,https://www.metromadrid.es/es/linea/linea-5#estacion-201,642.0,A,,5,linea_5,,"[""2""]"
410,Diego de León,11,https://www.metromadrid.es/es/linea/linea-5#estacion-410,479.0,A,,5,linea_5,,"[""4"", ""6""]"
510,Núñez de Balboa,12,https://www.metromadrid.es/es/linea/linea-5#estacion-510,563.0,A,,5,linea_5,,"[""9""]"
511,Rubén Darío,13,https://www.metromadrid.es/es/linea/linea-5#estacion-511,610.0,A,,5,linea_5,,[]
404,Alonso Martínez,14,https://www.metromadrid.es/es/linea/linea-5#estacion-404,413.0,A,,5,linea_5,,"[""10"", ""4""]"
513,Chueca,15,https://www.metromadrid.es/es/linea/linea-5#estacion-513,462.0,A,,5,linea_5,,[]
111,Gran Vía,16,https://www.metromadrid.es/es/linea/linea-5#estacion-111,501.0,A,,5,linea_5,,"[""1""]"
307,Callao,17,https://www.metromadrid.es/es/linea/linea-5#estacion-307,450.0,A,,5,linea_5,,"[""3""]"
209,Ópera,18,https://www.metromadrid.es/es/linea/linea-5#estacion-209,566.0,A,,5,linea_5,,"[""2"", ""Ramal""]"
517,La Latina,19,https://www.metromadrid.es/es/linea/linea-5#estacion-517 (sic),525.0,A,,5,linea_5,,[]
518,Puerta de Toledo,20,https://www.metromadrid.es/es/linea/linea-5#estacion-518,597.0,A,,5,linea_5,,[]
519,Acacias,21,https://www.metromadrid.es/es/linea/linea-5#estacion-519,404.0,A,,5,linea_5,,[]
520,Pirámides,22,https://www.metromadrid.es/es/linea/linea-5#estacion-520 (sic),584.0,A,,5,linea_5,,[]
521,Marqués de Vadillo,23,https://www.metromadrid.es/es/linea/linea-5#estacion-521,551.0,A,,5,linea_5,,[]
522,Urgel,24,https://www.metromadrid.es/es/linea/linea-5#estacion-522,635.0,A,,5,linea_5,,[]
523,Oporto,25,https://www.metromadrid.es/es/linea/linea-5#estacion-523,567.0,A,,5,linea_5,,"[""6""]"
524,Vista Alegre,26,https://www.metromadrid.es/es/linea/linea-5#estacion-524,651.0,A,,5,linea_5,,[]
525,Carabanchel,27,https://www.metromadrid.es/es/linea/linea-5#estacion-525,455.0,A,,5,linea_5,,[]
526,Eugenia de Montijo,28,https://www.metromadrid.es/es/linea/linea-5#estacion-526,492.0,A,,5,linea_5,,[]
527,Aluche,29,https://www.metromadrid.es/es/linea/linea-5#estacion-527,417.0,A,,5,linea_5,,[]
528,Empalme,30,https://www.metromadrid.es/es/linea/linea-5#estacion-528,487.0,A,,5,linea_5,,[]
529,Campamento,31,https://www.metromadrid.es/es/linea/linea-5#estacion-529,451.0,A,,5,linea_5,,[]
530,Casa de Campo,32,https://www.metromadrid.es/es/linea/linea-5#estacion-530,459.0,A,,5,linea_5,,"[""10""]"
601,Laguna,1,https://www.metromadrid.es/es/linea/linea-6#estacion-601,,A,,6,linea_6,,[]
602,Carpetana,2,https://www.metromadrid.es/es/linea/linea-6#estacion-602,,A,,6,linea_6,,[]
523,Oporto,3,https://www.metromadrid.es/es/linea/linea-6#estacion-523,567.0,A,,6,linea_6,,"[""5""]"
604,Opañel,4,https://www.metromadrid.es/es/linea/linea-6#estacion-604,,A,,6,linea_6,,[]
605,Plaza Elíptica,5,https://www.metromadrid.es/es/linea/linea-6#estacion-605,588.0,A,,6,linea_6,,"[""11""]"
606,Usera,6,https://www.metromadrid.es/es/linea/linea-6#estacion-606,,A,,6,linea_6,,[]
301,Legazpi,7,https://www.metromadrid.es/es/linea/linea-6#estacion-301,539.0,A,,6,linea_6,,"[""3""]"
608,Arganzuela – Planetario,8,https://www.metromadrid.es/es/linea/linea-6#estacion-608,,A,,6,linea_6,,[]
609,Méndez Álvaro,9,https://www.metromadrid.es/es/linea/linea-6#estacion-609,552.0,A,,6,linea_6,,[]
118,Pacífico,10,https://www.metromadrid.es/es/linea/linea-6#estacion-118,568.0,A,,6,linea_6,,"[""1""]"
611,Conde de Casal,11,https://www.metromadrid.es/es/linea/linea-6#estacion-611,470.0,A,,6,linea_6,,[]
612,Sainz de Baranda,12,https://www.metromadrid.es/es/linea/linea-6#estacion-612,611.0,A,,6,linea_6,,"[""9""]"
613,O’Donnell,13,https://www.metromadrid.es/es/linea/linea-6#estacion-613,564.0,A,,6,linea_6,,[]
202,Manuel Becerra,14,https://www.metromadrid.es/es/linea/linea-6#estacion-202,545.0,A,,6,linea_6,,"[""2""]"
410,Diego de León,15,https://www.metromadrid.es/es/linea/linea-6#estacion-410,479.0,A,,6,linea_6,,"[""4"", ""5""]"
411,Avenida de América,16,https://www.metromadrid.es/es/linea/linea-6#estacion-411,433.0,A,,6,linea_6,,"[""4"", ""7"", ""9""]"
617,República Argentina,17,https://www.metromadrid.es/es/linea/linea-6#estacion-617,602.0,A,,6,linea_6,,[]
618,Nuevos Ministerios,18,https://www.metromadrid.es/es/linea/linea-6#estacion-618,562.0,A,,6,linea_6,,"[""10"", ""8""]"
106,Cuatro Caminos,19,https://www.metromadrid.es/es/linea/linea-6#estacion-106,475.0,A,,6,linea_6,,"[""1"", ""2""]"
620,Guzmán el Bueno,20,https://www.metromadrid.es/es/linea/linea-6#estacion-620,503.0,A,,6,linea_6,,"[""7""]"
621,Vicente Aleixandre,21,https://www.metromadrid.es/es/linea/linea-6#estacion-621,554.0,A,,6,linea_6,,[]
622,Ciudad Universitaria,22,https://www.metromadrid.es/es/linea/linea-6#estacion-622,465.0,A,,6,linea_6,,[]
311,Moncloa,23,https://www.metromadrid.es/es/linea/linea-6#estacion-311,557.0,A,,6,linea_6,,"[""3""]"
310,Argüelles,24,https://www.metromadrid.es/es/linea/linea-6#estacion-310,425.0,A,,6,linea_6,,"[""3"", ""4""]"
625,Príncipe Pío,25,https://www.metromadrid.es/es/linea/linea-6#estacion-625,592.0,A,,6,linea_6,,"[""10"", ""Ramal""]"
623,Puerta del Ángel,26,https://www.metromadrid.es/es/linea/linea-6#estacion-623,,A,,6,linea_6,,[]
626,Alto de Extremadura,27,https://www.metromadrid.es/es/linea/linea-6#estacion-626,,A,,6,linea_6,,[]
628,Lucero,28,https://www.metromadrid.es/es/linea/linea-6#estacion-628,,A,,6,linea_6,,[]
760,Hospital del Henares,1,https://www.metromadrid.es/es/linea/linea-7#estacion-760,,A,,7,linea_7,,[]
759,Henares,2,https://www.metromadrid.es/es/linea/linea-7#estacion-759,,A,,7,linea_7,,[]
758,Jarama,3,https://www.metromadrid.es/es/linea/linea-7#estacion-758,,A,,7,linea_7,,[]
757,San Fernando,4,https://www.metromadrid.es/es/linea/linea-7#estacion-757,,A,,7,linea_7,,[]
756,La Rambla,5,https://www.metromadrid.es/es/linea/linea-7#estacion-756,,A,,7,linea_7,,[]
755,Coslada Central,6,https://www.metromadrid.es/es/linea/linea-7#estacion-755,,A,,7,linea_7,,[]
754,Barrio del Puerto,7,https://www.metromadrid.es/es/linea/linea-7#estacion-754,443.0,A,,7,linea_7,,[]
751,Estadio Metropolitano,8,https://www.metromadrid.es/es/linea/linea-7#estacion-751,489.0,A,,7,linea_7,,[]
701,Las Musas,9,https://www.metromadrid.es/es/linea/linea-7#estacion-701,533.0,A,,7,linea_7,,[]
702,San Blas,10,https://www.metromadrid.es/es/linea/linea-7#estacion-702,613.0,A,,7,linea_7,,[]
703,Simancas,11,https://www.metromadrid.es/es/linea/linea-7#estacion-703,626.0,A,,7,linea_7,,[]
704,García Noblejas,12,https://www.metromadrid.es/es/linea/linea-7#estacion-704,498.0,A,,7,linea_7,,[]
705,Ascao,13,https://www.metromadrid.es/es/linea/linea-7#estacion-705,430.0,A,,7,linea_7,,[]
505,Pueblo Nuevo,14,https://www.metromadrid.es/es/linea/linea-7#estacion-505,594.0,A,,7,linea_7,,"[""5""]"
707,Barrio de la Concepción,15,https://www.metromadrid.es/es/linea/linea-7#estacion-707,441.0,A,,7,linea_7,,[]
708,Parque de las Avenidas,16,https://www.metromadrid.es/es/linea/linea-7#estacion-708,573.0,A,,7,linea_7,,[]
709,Cartagena,17,https://www.metromadrid.es/es/linea/linea-7#estacion-709,458.0,A,,7,linea_7,,[]
411,Avenida de América,18,https://www.metromadrid.es/es/linea/linea-7#estacion-411,433.0,A,,7,linea_7,,"[""4"", ""6"", ""9""]"
711,Gregorio Marañón,19,https://www.metromadrid.es/es/linea/linea-7#estacion-711,502.0,A,,7,linea_7,,"[""10""]"
712,Alonso Cano,20,https://www.metromadrid.es/es/linea/linea-7#estacion-712,411.0,A,,7,linea_7,,[]
214,Canal,21,https://www.metromadrid.es/es/linea/linea-7#estacion-214,452.0,A,,7,linea_7,,"[""2""]"
714,Islas Filipinas,22,https://www.metromadrid.es/es/linea/linea-7#estacion-714,515.0,A,,7,linea_7,,[]
620,Guzmán el Bueno,23,https://www.metromadrid.es/es/linea/linea-7#estacion-620,503.0,A,,7,linea_7,,"[""6""]"
716,Francos Rodríguez,24,https://www.metromadrid.es/es/linea/linea-7#estacion-716,494.0,A,,7,linea_7,,[]
717,Valdezarza,25,https://www.metromadrid.es/es/linea/linea-7#estacion-717,640.0,A,,7,linea_7,,[]
718,Antonio Machado,26,https://www.metromadrid.es/es/linea/linea-7#estacion-718,421.0,A,,7,linea_7,,[]
719,Peñagrande,27,https://www.metromadrid.es/es/linea/linea-7#estacion-719,580.0,A,,7,linea_7,,[]
720,Avenida de la Ilustración,28,https://www.metromadrid.es/es/linea/linea-7#estacion-720,435.0,A,,7,linea_7,,[]
721,Lacoma,29,https://www.metromadrid.es/es/linea/linea-7#estacion-721,530.0,A,,7,linea_7,,[]
722,Arroyofresno,30,https://www.metromadrid.es/es/linea/linea-7#estacion-722,,A,,7,linea_7,,[]
723,Pitis,31,https://www.metromadrid.es/es/linea/linea-7#estacion-723,585.0,A,,7,linea_7,,[]
618,Nuevos Ministerios,1,https://www.metromadrid.es/es/linea/linea-8#estacion-618,562.0,A,,8,linea_8,,"[""10"", ""6""]"
802,Colombia,2,https://www.metromadrid.es/es/linea/linea-8#estacion-802,466.0,A,,8,linea_8,,"[""9""]"
803,Pinar del Rey,3,https://www.metromadrid.es/es/linea/linea-8#estacion-803,582.0,A,,8,linea_8,,[]
418,Mar de Cristal,4,https://www.metromadrid.es/es/linea/linea-8#estacion-418,548.0,A,,8,linea_8,,"[""4""]"
805,Feria de Madrid,5,https://www.metromadrid.es/es/linea/linea-8#estacion-805,493.0,A,,8,linea_8,,[]
806,Aeropuerto T1-T2-T3,6,https://www.metromadrid.es/es/linea/linea-8#estacion-806,405.0,A,,8,linea_8,,[]
807,Barajas,7,https://www.metromadrid.es/es/linea/linea-8#estacion-807,440.0,A,,8,linea_8,,[]
808,Aeropuerto T4,8,https://www.metromadrid.es/es/linea/linea-8#estacion-808 ,406.0,A,,8,linea_8,,[]
952,Paco de Lucía,1,https://www.metromadrid.es/es/linea/linea-9#estacion-952,569.0,A,,9,linea_9,,[]
951,Mirasierra,2,https://www.metromadrid.es/es/linea/linea-9#estacion-951,556.0,A,,9,linea_9,,[]
901,Herrera Oria,3,https://www.metromadrid.es/es/linea/linea-9#estacion-901,505.0,A,,9,linea_9,,[]
902,Barrio del Pilar,4,https://www.metromadrid.es/es/linea/linea-9#estacion-902,442.0,A,,9,linea_9,,[]
903,Ventilla,5,https://www.metromadrid.es/es/linea/linea-9#estacion-903,643.0,A,,9,linea_9,,[]
101,Plaza de Castilla,6,https://www.metromadrid.es/es/linea/linea-9#estacion-101,586.0,A,,9,linea_9,,"[""1"", ""10""]"
905,Duque de Pastrana,7,https://www.metromadrid.es/es/linea/linea-9#estacion-905,480.0,A,,9,linea_9,,[]
906,Pío XII,8,https://www.metromadrid.es/es/linea/linea-9#estacion-906,583.0,A,,9,linea_9,,[]
802,Colombia,9,https://www.metromadrid.es/es/linea/linea-9#estacion-802,466.0,A,,9,linea_9,,"[""8""]"
908,Concha Espina,10,https://www.metromadrid.es/es/linea/linea-9#estacion-908,469.0,A,,9,linea_9,,[]
909,Cruz del Rayo,11,https://www.metromadrid.es/es/linea/linea-9#estacion-909,474.0,A,,9,linea_9,,[]
411,Avenida de América,12,https://www.metromadrid.es/es/linea/linea-9#estacion-411,433.0,A,,9,linea_9,,"[""4"", ""6"", ""7""]"
510,Núñez de Balboa,13,https://www.metromadrid.es/es/linea/linea-9#estacion-510,563.0,A,,9,linea_9,,"[""5""]"
204,Príncipe de Vergara,14,https://www.metromadrid.es/es/linea/linea-9#estacion-204,591.0,A,,9,linea_9,,"[""2""]"
913,Ibiza,15,https://www.metromadrid.es/es/linea/linea-9#estacion-913,513.0,A,,9,linea_9,,[]
612,Sainz de Baranda,16,https://www.metromadrid.es/es/linea/linea-9#estacion-612,611.0,A,,9,linea_9,,"[""6""]"
915,Estrella,17,https://www.metromadrid.es/es/linea/linea-9#estacion-915,491.0,A,,9,linea_9,,[]
916,Vinateros,18,https://www.metromadrid.es/es/linea/linea-9#estacion-916,649.0,A,,9,linea_9,,[]
917,Artilleros,19,https://www.metromadrid.es/es/linea/linea-9#estacion-917,428.0,A,,9,linea_9,,[]
918,Pavones,20,https://www.metromadrid.es/es/linea/linea-9#estacion-918,579.0,A,,9,linea_9,,[]
919,Valdebernardo,21,https://www.metromadrid.es/es/linea/linea-9#estacion-919,638.0,A,,9,linea_9,,[]
920,Vicálvaro,22,https://www.metromadrid.es/es/linea/linea-9#estacion-920,645.0,A,,9,linea_9,,[]
921,San Cipriano,23,https://www.metromadrid.es/es/linea/linea-9#estacion-921,614.0,A,,9,linea_9,,[]
922,Puerta de Arganda,24,https://www.metromadrid.es/es/linea/linea-9#estacion-922,596.0,A,,9,linea_9,,[]
924,Rivas Urbanizaciones,25,https://www.metromadrid.es/es/linea/linea-9#estacion-924,607.0,A,,9,linea_9,,[]
925,Rivas Futura,26,https://www.metromadrid.es/es/linea/linea-9#estacion-925,606.0,A,,9,linea_9,,[]
926,Rivas Vaciamadrid,27,https://www.metromadrid.es/es/linea/linea-9#estacion-926,608.0,A,,9,linea_9,,[]
927,La Poveda,28,https://www.metromadrid.es/es/linea/linea-9#estacion-927,528.0,A,,9,linea_9,,[]
928,Arganda del Rey,29,https://www.metromadrid.es/es/linea/linea-9#estacion-928,423.0,A,,9,linea_9,,[]
209,Ópera,1,https://www.metromadrid.es/es/linea/ramal#estacion-209,566.0,A,,Ramal,linea_Ramal,,"[""2""]"
625,Príncipe Pío,2,https://www.metromadrid.es/es/linea/ramal#estacion-625,592.0,A,,Ramal,linea_Ramal,,"[""10"", ""6""]"
